Workbook

Sheet Sales Data
A1: Order Date | B1: Year | C1: Cust Id | D1: Region | E1: Cust. Name | F1: Category | G1: Product | H1: Price | I1: Qty | J1: Amount | K1: Profit10% | L1: East QTY | M1: Profit>10% | N1: South Cat. Printer Qty>5 | O1: if/and (West + Qty>=10) | P1: if/and (West+Art+Scanner+Price>2000) | Q1: if (Price>4000)
A2: 45292 | B2: 2024 | C2: NN001 | D2: East | E2: Name1 | F2: Computer | G2: Mouse | H2: 210 | I2: 45 | J2: =H2*I2 -> 9450 | K2: =J2*10/100 -> 945 | L2: =IF(AND(D2="East",I2>10),"YES","NO") -> YES | M2: =IF(K2>=3000,"True","False") -> False | N2: =IF(AND(D2="South",G2="Printer",I2>5),"Yes","No") -> No | O2: =IF(AND(D2="West",I2>=10),"yes","no") -> no | P2: =IF(AND(D2="West",F2="Art",G2="Scanner",H2>2000),"True","False") -> False | Q2: =IF(H2>4000,"True","False") -> False | R2: Q: Sum Price + Amount + Profit for a given Cust ID (SUM + XLOOKUP + CHOOSE). | S2: NN008 | T2: =SUM(_xlfn.XLOOKUP('Sales Data'!S2,'Sales Data'!C1:C29,CHOOSE({1,2,3},'Sales Data'!H1:H29,'Sales Data'!J1:J29,'Sales Data'!K1:K29))) -> 28340
A3: 45293 | B3: 2024 | C3: NN002 | D3: West | E3: Name2 | F3: Electronic | G3: Monitor | H3: 4000 | I3: 8 | J3: =H3*I3 -> 32000 | K3: =J3*10/100 -> 3200 | L3: =IF(AND(D3="East",I3>10),"YES","NO") -> NO | M3: =IF(K3>=3000,"True","False") -> True | N3: =IF(AND(D3="South",G3="Printer",I3>5),"Yes","No") -> No | O3: =IF(AND(D3="West",I3>=10),"yes","no") -> no | P3: =IF(AND(D3="West",F3="Art",G3="Scanner",H3>2000),"True","False") -> False | Q3: =IF(H3>4000,"True","False") -> False | R3: Q: Count orders from the East region (COUNTIF). | T3: =COUNTIF('Sales Data'!D1:D29,"East") -> 10
A4: 45294 | B4: 2024 | C4: NN003 | D4: North | E4: Name3 | F4: Art | G4: Printer | H4: 3200 | I4: 6 | J4: =H4*I4 -> 19200 | K4: =J4*10/100 -> 1920 | L4: =IF(AND(D4="East",I4>10),"YES","NO") -> NO | M4: =IF(K4>=3000,"True","False") -> False | N4: =IF(AND(D4="South",G4="Printer",I4>5),"Yes","No") -> No | O4: =IF(AND(D4="West",I4>=10),"yes","no") -> no | P4: =IF(AND(D4="West",F4="Art",G4="Scanner",H4>2000),"True","False") -> False | Q4: =IF(H4>4000,"True","False") -> False | R4: Q: Find the highest Price among Computer-category orders (MAXIFS). | T4: =_xlfn.MAXIFS('Sales Data'!H2:H29,'Sales Data'!F2:F29,"Computer") -> 4500
A5: 45295 | B5: 2024 | C5: NN004 | D5: East | E5: Name4 | F5: Storage | G5: SSD256 GB | H5: 4000 | I5: 4 | J5: =H5*I5 -> 16000 | K5: =J5*10/100 -> 1600 | L5: =IF(AND(D5="East",I5>10),"YES","NO") -> NO | M5: =IF(K5>=3000,"True","False") -> False | N5: =IF(AND(D5="South",G5="Printer",I5>5),"Yes","No") -> No | O5: =IF(AND(D5="West",I5>=10),"yes","no") -> no | P5: =IF(AND(D5="West",F5="Art",G5="Scanner",H5>2000),"True","False") -> False | Q5: =IF(H5>4000,"True","False") -> False | R5: Q: Find the Product in row 3 of the table, using the 'Product' header (HLOOKUP). | T5: =HLOOKUP('Sales Data'!G1,'Sales Data'!D1:Q29,3,0) -> Monitor
A6: 45296 | B6: 2024 | C6: NN005 | D6: West | E6: Name5 | F6: Mobile | G6: HDD256 GB | H6: 1500 | I6: 7 | J6: =H6*I6 -> 10500 | K6: =J6*10/100 -> 1050 | L6: =IF(AND(D6="East",I6>10),"YES","NO") -> NO | M6: =IF(K6>=3000,"True","False") -> False | N6: =IF(AND(D6="South",G6="Printer",I6>5),"Yes","No") -> No | O6: =IF(AND(D6="West",I6>=10),"yes","no") -> no | P6: =IF(AND(D6="West",F6="Art",G6="Scanner",H6>2000),"True","False") -> False | Q6: =IF(H6>4000,"True","False") -> False | R6: Q: Count orders with Qty strictly between 20 and 40 (COUNTIFS). | T6: =COUNTIFS('Sales Data'!I2:I29,">20",'Sales Data'!I2:I29,"<40") -> 0
A7: 45297 | B7: 2024 | C7: NN006 | D7: South | E7: Name6 | F7: Computer | G7: Mouse | H7: 300 | I7: 2 | J7: =H7*I7 -> 600 | K7: =J7*10/100 -> 60 | L7: =IF(AND(D7="East",I7>10),"YES","NO") -> NO | M7: =IF(K7>=3000,"True","False") -> False | N7: =IF(AND(D7="South",G7="Printer",I7>5),"Yes","No") -> No | O7: =IF(AND(D7="West",I7>=10),"yes","no") -> no | P7: =IF(AND(D7="West",F7="Art",G7="Scanner",H7>2000),"True","False") -> False | Q7: =IF(H7>4000,"True","False") -> False | R7: Q: Find the Cust ID for a given Customer Name (VLOOKUP, reverse lookup via CHOOSE). | S7: Name19 | T7: =VLOOKUP('Sales Data'!S7,CHOOSE({1,2},'Sales Data'!E1:E29,'Sales Data'!C1:C29),2,0) -> NN019
A8: 45298 | B8: 2024 | C8: NN007 | D8: North | E8: Name7 | F8: Computer | G8: Printer | H8: 4500 | I8: 3 | J8: =H8*I8 -> 13500 | K8: =J8*10/100 -> 1350 | L8: =IF(AND(D8="East",I8>10),"YES","NO") -> NO | M8: =IF(K8>=3000,"True","False") -> False | N8: =IF(AND(D8="South",G8="Printer",I8>5),"Yes","No") -> No | O8: =IF(AND(D8="West",I8>=10),"yes","no") -> no | P8: =IF(AND(D8="West",F8="Art",G8="Scanner",H8>2000),"True","False") -> False | Q8: =IF(H8>4000,"True","False") -> True | R8: Q: Continue: retrieve Category, Product, Price and Qty for the given Cust ID (VLOOKUP + COLUMN). | S8: NN019 | T8: =VLOOKUP('Sales Data'!$S$8,'Sales Data'!$C$1:$Q$29,COLUMN('Sales Data'!D1),0) -> Computer | U8: =VLOOKUP('Sales Data'!$S$8,'Sales Data'!$C$1:$Q$29,COLUMN('Sales Data'!E1),0) -> Mouse | V8: =VLOOKUP('Sales Data'!$S$8,'Sales Data'!$C$1:$Q$29,COLUMN('Sales Data'!F1),0) -> 300 | W8: =VLOOKUP('Sales Data'!$S$8,'Sales Data'!$C$1:$Q$29,COLUMN('Sales Data'!G1),0) -> 12
A9: 45299 | B9: 2024 | C9: NN008 | D9: West | E9: Name8 | F9: Art | G9: Scanner | H9: 2600 | I9: 9 | J9: =H9*I9 -> 23400 | K9: =J9*10/100 -> 2340 | L9: =IF(AND(D9="East",I9>10),"YES","NO") -> NO | M9: =IF(K9>=3000,"True","False") -> False | N9: =IF(AND(D9="South",G9="Printer",I9>5),"Yes","No") -> No | O9: =IF(AND(D9="West",I9>=10),"yes","no") -> no | P9: =IF(AND(D9="West",F9="Art",G9="Scanner",H9>2000),"True","False") -> True | Q9: =IF(H9>4000,"True","False") -> False | R9: Q: Continue: retrieve Amount, Profit and East-YES/NO for the Cust ID found above (VLOOKUP + COLUMN). | T9: =VLOOKUP('Sales Data'!$T$7,'Sales Data'!$C$1:$Q$29,COLUMN('Sales Data'!H1),0) -> 3600 | U9: =VLOOKUP('Sales Data'!$T$7,'Sales Data'!$C$1:$Q$29,COLUMN('Sales Data'!I1),0) -> 360 | V9: =VLOOKUP('Sales Data'!$T$7,'Sales Data'!$C$1:$Q$29,COLUMN('Sales Data'!J1),0) -> YES
A10: 45300 | B10: 2024 | C10: NN009 | D10: East | E10: Name9 | F10: Computer | G10: keyboard | H10: 600 | I10: 8 | J10: =H10*I10 -> 4800 | K10: =J10*10/100 -> 480 | L10: =IF(AND(D10="East",I10>10),"YES","NO") -> NO | M10: =IF(K10>=3000,"True","False") -> False | N10: =IF(AND(D10="South",G10="Printer",I10>5),"Yes","No") -> No | O10: =IF(AND(D10="West",I10>=10),"yes","no") -> no | P10: =IF(AND(D10="West",F10="Art",G10="Scanner",H10>2000),"True","False") -> False | Q10: =IF(H10>4000,"True","False") -> False | R10: Q: Retrieve a given field (dynamic column) for a given Customer Name (XLOOKUP + XLOOKUP). | S10: Name19 | T10: {=_xlfn.XLOOKUP(S10,'Sales Data'!E1:E29,_xlfn.XLOOKUP(S11,'Sales Data'!A1:Q1,'Sales Data'!A1:Q29))} -> Computer
A11: 45301 | B11: 2024 | C11: NN010 | D11: East | E11: Name10 | F11: Mobile | G11: SSD256 GB | H11: 4000 | I11: 7 | J11: =H11*I11 -> 28000 | K11: =J11*10/100 -> 2800 | L11: =IF(AND(D11="East",I11>10),"YES","NO") -> NO | M11: =IF(K11>=3000,"True","False") -> False | N11: =IF(AND(D11="South",G11="Printer",I11>5),"Yes","No") -> No | O11: =IF(AND(D11="West",I11>=10),"yes","no") -> no | P11: =IF(AND(D11="West",F11="Art",G11="Scanner",H11>2000),"True","False") -> False | Q11: =IF(H11>4000,"True","False") -> False | S11: Category
A12: 45302 | B12: 2024 | C12: NN011 | D12: East | E12: Name11 | F12: Art | G12: Printer | H12: 4500 | I12: 4 | J12: =H12*I12 -> 18000 | K12: =J12*10/100 -> 1800 | L12: =IF(AND(D12="East",I12>10),"YES","NO") -> NO | M12: =IF(K12>=3000,"True","False") -> False | N12: =IF(AND(D12="South",G12="Printer",I12>5),"Yes","No") -> No | O12: =IF(AND(D12="West",I12>=10),"yes","no") -> no | P12: =IF(AND(D12="West",F12="Art",G12="Scanner",H12>2000),"True","False") -> False | Q12: =IF(H12>4000,"True","False") -> True | R12: Q: Retrieve Region, Product and Qty for a given Cust ID (VLOOKUP, array). | T12: {=VLOOKUP('Sales Data'!C9,'Sales Data'!C1:Q29,{2,4,7},0)} -> West | U12: Art | V12: 9
A13: 45303 | B13: 2024 | C13: NN012 | D13: West | E13: Name12 | F13: Storage | G13: HDD256 GB | H13: 1600 | I13: 5 | J13: =H13*I13 -> 8000 | K13: =J13*10/100 -> 800 | L13: =IF(AND(D13="East",I13>10),"YES","NO") -> NO | M13: =IF(K13>=3000,"True","False") -> False | N13: =IF(AND(D13="South",G13="Printer",I13>5),"Yes","No") -> No | O13: =IF(AND(D13="West",I13>=10),"yes","no") -> no | P13: =IF(AND(D13="West",F13="Art",G13="Scanner",H13>2000),"True","False") -> False | Q13: =IF(H13>4000,"True","False") -> False | R13: Q: Find a given field (e.g. Product) for a given Cust ID, using VLOOKUP + MATCH. | S13: NN009 | T13: =VLOOKUP('Sales Data'!S13,'Sales Data'!C1:Q29,MATCH('Sales Data'!S14,'Sales Data'!C1:Q1,0),0) -> keyboard
A14: 45304 | B14: 2024 | C14: NN013 | D14: North | E14: Name13 | F14: Art | G14: Scanner | H14: 3000 | I14: 6 | J14: =H14*I14 -> 18000 | K14: =J14*10/100 -> 1800 | L14: =IF(AND(D14="East",I14>10),"YES","NO") -> NO | M14: =IF(K14>=3000,"True","False") -> False | N14: =IF(AND(D14="South",G14="Printer",I14>5),"Yes","No") -> No | O14: =IF(AND(D14="West",I14>=10),"yes","no") -> no | P14: =IF(AND(D14="West",F14="Art",G14="Scanner",H14>2000),"True","False") -> False | Q14: =IF(H14>4000,"True","False") -> False | S14: Product
A15: 45305 | B15: 2024 | C15: NN014 | D15: East | E15: Name14 | F15: Computer | G15: Mouse | H15: 210 | I15: 9 | J15: =H15*I15 -> 1890 | K15: =J15*10/100 -> 189 | L15: =IF(AND(D15="East",I15>10),"YES","NO") -> NO | M15: =IF(K15>=3000,"True","False") -> False | N15: =IF(AND(D15="South",G15="Printer",I15>5),"Yes","No") -> No | O15: =IF(AND(D15="West",I15>=10),"yes","no") -> no | P15: =IF(AND(D15="West",F15="Art",G15="Scanner",H15>2000),"True","False") -> False | Q15: =IF(H15>4000,"True","False") -> False | R15: Q: Retrieve every field for a given Emp ID (VLOOKUP, one formula per column using COLUMNS). | T15: =VLOOKUP('Sales Data'!$E$11,'Sales Data'!$E$1:$Q$29,COLUMNS('Sales Data'!$E$1:F1),0) -> Mobile | U15: =VLOOKUP('Sales Data'!$E$11,'Sales Data'!$E$1:$Q$29,COLUMNS('Sales Data'!$E$1:G1),0) -> SSD256 GB | V15: =VLOOKUP('Sales Data'!$E$11,'Sales Data'!$E$1:$Q$29,COLUMNS('Sales Data'!$E$1:H1),0) -> 4000 | W15: =VLOOKUP('Sales Data'!$E$11,'Sales Data'!$E$1:$Q$29,COLUMNS('Sales Data'!$E$1:I1),0) -> 7 | X15: =VLOOKUP('Sales Data'!$E$11,'Sales Data'!$E$1:$Q$29,COLUMNS('Sales Data'!$E$1:J1),0) -> 28000 | Y15: =VLOOKUP('Sales Data'!$E$11,'Sales Data'!$E$1:$Q$29,COLUMNS('Sales Data'!$E$1:K1),0) -> 2800 | Z15: =VLOOKUP('Sales Data'!$E$11,'Sales Data'!$E$1:$Q$29,COLUMNS('Sales Data'!$E$1:L1),0) -> NO | AA15: =VLOOKUP('Sales Data'!$E$11,'Sales Data'!$E$1:$Q$29,COLUMNS('Sales Data'!$E$1:M1),0) -> False | ... AE15: =VLOOKUP('Sales Data'!$E$11,'Sales Data'!$E$1:$Q$29,COLUMNS('Sales Data'!$E$1:Q1),0) -> False
A16: 45306 | B16: 2024 | C16: NN015 | D16: West | E16: Name15 | F16: Electronic | G16: Monitor | H16: 4000 | I16: 8 | J16: =H16*I16 -> 32000 | K16: =J16*10/100 -> 3200 | L16: =IF(AND(D16="East",I16>10),"YES","NO") -> NO | M16: =IF(K16>=3000,"True","False") -> True | N16: =IF(AND(D16="South",G16="Printer",I16>5),"Yes","No") -> No | O16: =IF(AND(D16="West",I16>=10),"yes","no") -> no | P16: =IF(AND(D16="West",F16="Art",G16="Scanner",H16>2000),"True","False") -> False | Q16: =IF(H16>4000,"True","False") -> False | T16: =VLOOKUP('Sales Data'!E16,'Sales Data'!E1:Q29,3,0) -> Monitor
A17: 45307 | B17: 2024 | C17: NN016 | D17: South | E17: Name16 | F17: Art | G17: Printer | H17: 3200 | I17: 7 | J17: =H17*I17 -> 22400 | K17: =J17*10/100 -> 2240 | L17: =IF(AND(D17="East",I17>10),"YES","NO") -> NO | M17: =IF(K17>=3000,"True","False") -> False | N17: =IF(AND(D17="South",G17="Printer",I17>5),"Yes","No") -> Yes | O17: =IF(AND(D17="West",I17>=10),"yes","no") -> no | P17: =IF(AND(D17="West",F17="Art",G17="Scanner",H17>2000),"True","False") -> False | Q17: =IF(H17>4000,"True","False") -> False | R17: Q: Find the Qty for the first order from a given Region (VLOOKUP, self-referential example). | T17: =VLOOKUP('Sales Data'!D4,'Sales Data'!D1:Q29,6,0) -> 6
A18: 45308 | B18: 2024 | C18: NN017 | D18: North | E18: Name17 | F18: Storage | G18: SSD256 GB | H18: 4000 | I18: 15 | J18: =H18*I18 -> 60000 | K18: =J18*10/100 -> 6000 | L18: =IF(AND(D18="East",I18>10),"YES","NO") -> NO | M18: =IF(K18>=3000,"True","False") -> True | N18: =IF(AND(D18="South",G18="Printer",I18>5),"Yes","No") -> No | O18: =IF(AND(D18="West",I18>=10),"yes","no") -> no | P18: =IF(AND(D18="West",F18="Art",G18="Scanner",H18>2000),"True","False") -> False | Q18: =IF(H18>4000,"True","False") -> False | R18: Q: Retrieve Cust ID, Product and Year for a given Customer Name (VLOOKUP + CHOOSE, array). | T18: {=VLOOKUP('Sales Data'!E20,CHOOSE({1,2,3,4},'Sales Data'!E1:E29,'Sales Data'!C1:C29,'Sales Data'!G1:G29,'Sales Data'!B1:B29),{2,3,4},0)} -> NN019 | U18: Mouse | V18: 2024
A19: 45309 | B19: 2024 | C19: NN018 | D19: West | E19: Name18 | F19: Mobile | G19: HDD256 GB | H19: 1500 | I19: 4 | J19: =H19*I19 -> 6000 | K19: =J19*10/100 -> 600 | L19: =IF(AND(D19="East",I19>10),"YES","NO") -> NO | M19: =IF(K19>=3000,"True","False") -> False | N19: =IF(AND(D19="South",G19="Printer",I19>5),"Yes","No") -> No | O19: =IF(AND(D19="West",I19>=10),"yes","no") -> no | P19: =IF(AND(D19="West",F19="Art",G19="Scanner",H19>2000),"True","False") -> False | Q19: =IF(H19>4000,"True","False") -> False
A20: 45310 | B20: 2024 | C20: NN019 | D20: East | E20: Name19 | F20: Computer | G20: Mouse | H20: 300 | I20: 12 | J20: =H20*I20 -> 3600 | K20: =J20*10/100 -> 360 | L20: =IF(AND(D20="East",I20>10),"YES","NO") -> YES | M20: =IF(K20>=3000,"True","False") -> False | N20: =IF(AND(D20="South",G20="Printer",I20>5),"Yes","No") -> No | O20: =IF(AND(D20="West",I20>=10),"yes","no") -> no | P20: =IF(AND(D20="West",F20="Art",G20="Scanner",H20>2000),"True","False") -> False | Q20: =IF(H20>4000,"True","False") -> False | R20: Q: Retrieve the full row of details for a given Customer Name (XLOOKUP). | S20: NN010 | T20: {=VLOOKUP(S20,'Sales Data'!C1:Q29,{1,2,3,4,5,6,7,8,9,10,11,12,13,14},0)} -> NN010 | U20: East | V20: Name10 | W20: Mobile | X20: SSD256 GB | Y20: 4000 | Z20: 7 | AA20: 28000 | AB20: 2800 | AC20: NO | AD20: False | AE20: No | AF20: no | AG20: False
A21: 45311 | B21: 2024 | C21: NN020 | D21: East | E21: Name20 | F21: Computer | G21: Printer | H21: 4500 | I21: 18 | J21: =H21*I21 -> 81000 | K21: =J21*10/100 -> 8100 | L21: =IF(AND(D21="East",I21>10),"YES","NO") -> YES | M21: =IF(K21>=3000,"True","False") -> True | N21: =IF(AND(D21="South",G21="Printer",I21>5),"Yes","No") -> No | O21: =IF(AND(D21="West",I21>=10),"yes","no") -> no | P21: =IF(AND(D21="West",F21="Art",G21="Scanner",H21>2000),"True","False") -> False | Q21: =IF(H21>4000,"True","False") -> True
A22: 45312 | B22: 2024 | C22: NN021 | D22: East | E22: Name21 | F22: Art | G22: Scanner | H22: 2600 | I22: 49 | J22: =H22*I22 -> 127400 | K22: =J22*10/100 -> 12740 | L22: =IF(AND(D22="East",I22>10),"YES","NO") -> YES | M22: =IF(K22>=3000,"True","False") -> True | N22: =IF(AND(D22="South",G22="Printer",I22>5),"Yes","No") -> No | O22: =IF(AND(D22="West",I22>=10),"yes","no") -> no | P22: =IF(AND(D22="West",F22="Art",G22="Scanner",H22>2000),"True","False") -> False | Q22: =IF(H22>4000,"True","False") -> False | R22: Q: Sum of quantities where category is art (DSUM). | S22: Category | T22: =DSUM('Sales Data'!A1:Q29,'Sales Data'!I1,S22:S23) -> 122
A23: 45313 | B23: 2024 | C23: NN022 | D23: West | E23: Name22 | F23: Computer | G23: keyboard | H23: 600 | I23: 6 | J23: =H23*I23 -> 3600 | K23: =J23*10/100 -> 360 | L23: =IF(AND(D23="East",I23>10),"YES","NO") -> NO | M23: =IF(K23>=3000,"True","False") -> False | N23: =IF(AND(D23="South",G23="Printer",I23>5),"Yes","No") -> No | O23: =IF(AND(D23="West",I23>=10),"yes","no") -> no | P23: =IF(AND(D23="West",F23="Art",G23="Scanner",H23>2000),"True","False") -> False | Q23: =IF(H23>4000,"True","False") -> False | S23: Art
A24: 45314 | B24: 2024 | C24: NN023 | D24: North | E24: Name23 | F24: Mobile | G24: SSD256 GB | H24: 4000 | I24: 8 | J24: =H24*I24 -> 32000 | K24: =J24*10/100 -> 3200 | L24: =IF(AND(D24="East",I24>10),"YES","NO") -> NO | M24: =IF(K24>=3000,"True","False") -> True | N24: =IF(AND(D24="South",G24="Printer",I24>5),"Yes","No") -> No | O24: =IF(AND(D24="West",I24>=10),"yes","no") -> no | P24: =IF(AND(D24="West",F24="Art",G24="Scanner",H24>2000),"True","False") -> False | Q24: =IF(H24>4000,"True","False") -> False
A25: 45315 | B25: 2024 | C25: NN024 | D25: East | E25: Name24 | F25: Art | G25: Printer | H25: 3200 | I25: 9 | J25: =H25*I25 -> 28800 | K25: =J25*10/100 -> 2880 | L25: =IF(AND(D25="East",I25>10),"YES","NO") -> NO | M25: =IF(K25>=3000,"True","False") -> False | N25: =IF(AND(D25="South",G25="Printer",I25>5),"Yes","No") -> No | O25: =IF(AND(D25="West",I25>=10),"yes","no") -> no | P25: =IF(AND(D25="West",F25="Art",G25="Scanner",H25>2000),"True","False") -> False | Q25: =IF(H25>4000,"True","False") -> False | R25: Q:Sum of quantities where region is east (sumif). | S25: Qty | T25: =SUMIF('Sales Data'!D2:D29,S26,'Sales Data'!I2:I29) -> 165
A26: 45316 | B26: 2024 | C26: NN025 | D26: West | E26: Name25 | F26: Storage | G26: HDD256 GB | H26: 2500 | I26: 7 | J26: =H26*I26 -> 17500 | K26: =J26*10/100 -> 1750 | L26: =IF(AND(D26="East",I26>10),"YES","NO") -> NO | M26: =IF(K26>=3000,"True","False") -> False | N26: =IF(AND(D26="South",G26="Printer",I26>5),"Yes","No") -> No | O26: =IF(AND(D26="West",I26>=10),"yes","no") -> no | P26: =IF(AND(D26="West",F26="Art",G26="Scanner",H26>2000),"True","False") -> False | Q26: =IF(H26>4000,"True","False") -> False | S26: East
A27: 45317 | B27: 2024 | C27: NN026 | D27: South | E27: Name26 | F27: Art | G27: Scanner | H27: 3000 | I27: 12 | J27: =H27*I27 -> 36000 | K27: =J27*10/100 -> 3600 | L27: =IF(AND(D27="East",I27>10),"YES","NO") -> NO | M27: =IF(K27>=3000,"True","False") -> True | N27: =IF(AND(D27="South",G27="Printer",I27>5),"Yes","No") -> No | O27: =IF(AND(D27="West",I27>=10),"yes","no") -> no | P27: =IF(AND(D27="West",F27="Art",G27="Scanner",H27>2000),"True","False") -> False | Q27: =IF(H27>4000,"True","False") -> False
A28: 45318 | B28: 2024 | C28: NN027 | D28: North | E28: Name27 | F28: Electronic | G28: Monitor | H28: 4500 | I28: 14 | J28: =H28*I28 -> 63000 | K28: =J28*10/100 -> 6300 | L28: =IF(AND(D28="East",I28>10),"YES","NO") -> NO | M28: =IF(K28>=3000,"True","False") -> True | N28: =IF(AND(D28="South",G28="Printer",I28>5),"Yes","No") -> No | O28: =IF(AND(D28="West",I28>=10),"yes","no") -> no | P28: =IF(AND(D28="West",F28="Art",G28="Scanner",H28>2000),"True","False") -> False | Q28: =IF(H28>4000,"True","False") -> True | R28: Q:Sum of quantities where region is west with art category. | S28: West | T28: =SUMIFS('Sales Data'!I2:I29,'Sales Data'!D2:D29,S28,'Sales Data'!F2:F29,S29) -> 29
A29: 45319 | B29: 2024 | C29: NN028 | D29: West | E29: Name28 | F29: Art | G29: Printer | H29: 3200 | I29: 20 | J29: =H29*I29 -> 64000 | K29: =J29*10/100 -> 6400 | L29: =IF(AND(D29="East",I29>10),"YES","NO") -> NO | M29: =IF(K29>=3000,"True","False") -> True | N29: =IF(AND(D29="South",G29="Printer",I29>5),"Yes","No") -> No | O29: =IF(AND(D29="West",I29>=10),"yes","no") -> yes | P29: =IF(AND(D29="West",F29="Art",G29="Scanner",H29>2000),"True","False") -> False | Q29: =IF(H29>4000,"True","False") -> False | S29: Art
P30: total amt | Q30: =SUM('Sales Data'!J2:J29) -> 780640
P31: min price | Q31: =MIN(H2:H30) -> 210 | R31: Q:Find the qty on the basis of costumer name. | S31: Name15 | T31: {=_xlfn.XLOOKUP(S31,'Sales Data'!E1:E29,_xlfn.XLOOKUP(S32,'Sales Data'!A1:Q1,'Sales Data'!A1:Q29))} -> 8
P32: max Qty | Q32: =MAX(I2:I31) -> 49 | S32: Qty
P33: Avg. profit | Q33: =AVERAGE('Sales Data'!K2:K29) -> 2788
P34: total price | Q34: =SUM(H2:H32) -> 75320
P35: min Qty | Q35: =MIN('Sales Data'!I2:I29) -> 2
P36: max Amt | Q36: =MAX('Sales Data'!J2:J29) -> 127400
