Workbook
Name StudentPhoto: INDEX(Sheet1!$C$5:$C$14,MATCH(Sheet2!$C$6,Sheet1!$B$5:$B$14,0))

Sheet Sheet1
D1: PRAGATI CONVENT HIGHER SECONDARY SCHOOL
F2: CLASS--10th (B)
A4: Serial No. | B4: Roll No. | C4: Profile Photo | D4: Name | E4: Father Name | F4: Mother Name | G4: Date of Birth | H4: Hindi | I4: English | J4: Maths | K4: Social Studies | L4: Science | M4: IT
A5: 1 | B5: 101 | D5: Vishwas Sharma | E5: Yogesh Sharma | F5: Sunanda Sharma | G5: 40772 | H5: 43 | I5: 46 | J5: 82 | K5: 93 | L5: 83 | M5: 40
A6: 2 | B6: 102 | D6: Vedik Sharma | E6: Yogesh Sharma | F6: Sunanda Sharma | G6: 40221 | H6: 39 | I6: 27 | J6: 27 | K6: 51 | L6: 86 | M6: 52
A7: 3 | B7: 103 | D7: Shubham Rajput | E7: Hemant Rajput | F7: Anita Rajput | G7: 40825 | H7: 68 | I7: 27 | J7: 78 | K7: 72 | L7: 30 | M7: 97
A8: 4 | B8: 104 | D8: Divyansh Sharma | E8: Rajesh Sharma | F8: Maya Sharma | G8: 40195 | H8: 62 | I8: 67 | J8: 90 | K8: 76 | L8: 79 | M8: 61
A9: 5 | B9: 105 | D9: Aryan Sisodiya | E9: Shivraj Sisodiya | F9: Geeta Sisodiya | G9: 41273 | H9: 97 | I9: 64 | J9: 60 | K9: 36 | L9: 55 | M9: 24
A10: 6 | B10: 106 | D10: Jatin Tiwari | E10: Hariom Tiwari | F10: Jaya Tiwari | G10: 40651 | H10: 12 | I10: 23 | J10: 25 | K10: 16 | L10: 18 | M10: 49
A11: 7 | B11: 107 | D11: Ajay Singh | E11: Aaditya Singh | F11: Mansi Singh | G11: 40614 | H11: 91 | I11: 75 | J11: 70 | K11: 27 | L11: 93 | M11: 24
A12: 8 | B12: 108 | D12: Abhijit gupta | E12: Kamlesh Gupta | F12: Sakshi Gupta | G12: 40795 | H12: 31 | I12: 55 | J12: 72 | K12: 96 | L12: 23 | M12: 57
A13: 9 | B13: 109 | D13: Sonu Saxena | E13: Sanjeev Saxena | F13: Manasvi Saxena | G13: 40258 | H13: 65 | I13: 71 | J13: 42 | K13: 27 | L13: 62 | M13: 46
A14: 10 | B14: 110 | D14: Vinay Dubey | E14: Digraj Dubey | F14: Nisha Dubey | G14: 40767 | H14: 71 | I14: 64 | J14: 69 | K14: 39 | L14: 60 | M14: 73

Sheet Sheet2
C2: CENTRAL BOARD OF SECONDARY EDUCATION
C3: SECONDARY SCHOOL EXAMINATION,2026
C4: DELHI,INDIA
B6: Roll NO. | C6: 101
B7: Name | C7: =VLOOKUP(C6,Sheet1!B4:K14,MATCH(B7,Sheet1!B4:M4,0),0) -> Vishwas Sharma
B8: Father Name | C8: =VLOOKUP(C6,Sheet1!B4:K14,MATCH(B8,Sheet1!B4:M4,0),0) -> Yogesh Sharma
B9: Mother Name | C9: =VLOOKUP(C6,Sheet1!B4:K14,MATCH(B9,Sheet1!B4:M4,0),0) -> Sunanda Sharma
B10: Class | C10: 10th
B11: Date of Birth | C11: =VLOOKUP(C6,Sheet1!B4:K14,MATCH(B11,Sheet1!B4:M4,0),0) -> 40772
B12: School | C12: =Sheet1!D1 -> PRAGATI CONVENT HIGHER SECONDARY SCHOOL
B15: Subject | C15: Total Marks | D15: Obtain Marks | E15: Passing Marks | F15: Status
B16: Hindi | C16: 100 | D16: =VLOOKUP(C6,Sheet1!B4:M14,MATCH(Sheet2!B16,Sheet1!B4:M4,0),0) -> 43 | E16: 35 | F16: =IF(D16>=E16,"PASS","FAIL") -> PASS
B17: English | C17: 100 | D17: =VLOOKUP(C6,Sheet1!B4:M14,MATCH(Sheet2!B17,Sheet1!B4:M4,0),0) -> 46 | E17: 35 | F17: =IF(D17>=E17,"PASS","FAIL") -> PASS
B18: Maths | C18: 100 | D18: =VLOOKUP(C6,Sheet1!B4:M14,MATCH(Sheet2!B18,Sheet1!B4:M4,0),0) -> 82 | E18: 35 | F18: =IF(D18>=E18,"PASS","FAIL") -> PASS
B19: Social Studies | C19: 100 | D19: =VLOOKUP(C6,Sheet1!B4:M14,MATCH(Sheet2!B19,Sheet1!B4:M4,0),0) -> 93 | E19: 35 | F19: =IF(D19>=E19,"PASS","FAIL") -> PASS
B20: Science | C20: 100 | D20: =VLOOKUP(C6,Sheet1!B4:M14,MATCH(Sheet2!B20,Sheet1!B4:M4,0),0) -> 83 | E20: 35 | F20: =IF(D20>=E20,"PASS","FAIL") -> PASS
B21: IT | C21: 100 | D21: =VLOOKUP(C6,Sheet1!B4:M14,MATCH(Sheet2!B21,Sheet1!B4:M4,0),0) -> 40 | E21: 35 | F21: =IF(D21>=E21,"PASS","FAIL") -> PASS
E23: Total Marks | F23: =COUNTA(B16:B21)*100 -> 600
B24: Pass/Fail | C24: =IF(COUNTIF(F16:F21,"PASS")>=4,"PASS","FAIL") -> PASS | E24: Obtained Marks | F24: =SUM(D16:D21) -> 387
B25: Grade | C25: {=_xlfn.IFS(F25>=80%,"A",F25>=60%,"B",F25>=40%,"C",F25<40%,"D")} -> B | E25: Percentage | F25: =AVERAGE(D16:D21)/100 -> 0.645
E30: Chanakya
B31: DATE | C31: =TODAY() -> 46274 | E31: Controller of Examination
